,Col1,Col2,Col3,Col4,Col5,Col6,Col7
0,NA,6508 Windmill Way Suite B,910-512-0658,HP 1107,Wilmington,NC,28405
1,01 Wachue Smoking LLC,1293 Landsdowne Dr,828-270-9148,HP 641,Conover,NC,28613
2,1 Hit Hemp LLC,6501 Albemarle Rd #25660,919-400-4138,HP 1142,Charlotte,NC,28229
3,1010 Extracts,1086 Rabbit Trail,704-813-5593,HP 377,Gastonia,NC,28052
4,111 Extraction Solutions,2808 Carriage Meadows Drive,,HP 362,Wake Forest,NC,27587
5,1st Tactical Holistics,3494 Nesbit Rd,240-446-0383,HP 776,Fayetteville,NC,28311
6,2 Rivers Farmacy,584 Salem Church Road,336-432-8844,HP 492,Reidsville,NC,27320
7,20/20 Hemp,103 Kluttz St,"704-781-5266,716-401-6807",HP 884,Locust,NC,28097
8,"2AG Remedy,LLC",92 Cornerstone Dr Ste 316,919-322-9192,HP 664,Cary,NC,27519
9,"2nd Chance Transplants, LLC",5004 Garland Highway,910-590-8471,HP 253,Clinton,NC,28328
10,3L Trading,215 Industrial Ave Suite L,714-501-5879,HP 399,Greensboro,NC,27406
11,4 C's Hemp,2550 Piney Grove Church Rd,252-809-3928,HP 1046,Williamston,NC,27892
12,40 Acre Cigars,2608 Hitchcock Drive,919-594-7301,HP 1102,Durham,NC,27705
13,420 Distillate & Isolate Company,150 N. Research Campus Drive Lab#3534,404-449-6295,HP 378,Kannapolis,NC,28081
14,5 Leaf NC,150 Gene Walker Road,"954-998-2719,305-384-8148",HP 794,Shelby,NC,28150
15,7 Points LLC,4041 Chimney Rock Road,305-767-9357,HP 1262,Hendersonville,NC,28792
16,7 Seeds Organics,3526 Harmony Hwy,980-379-0136,HP 1006,Harmony,NC,28634
17,710 Cosmetics,80 Old Log Rd.,863-582-6397,HP 12,Green Mountain,NC,28740
18,828 Alchemy LLC,104 Mountain Place,828-409-1827,HP 310,Hendersonville,NC,28791
19,9,143 Ogallalah Lane,336-880-7034,HP 545,Dudley,NC,27333
20,9 Leaf Ventures LLC,340 Hwy 67 Bypass,623-271-0384,HP 859,East Bend,NC,27018
21,A & O Organics,406 Uppowoc Ave,252-305-6668,HP 360,Manteo,NC,27954
22,A House of Hemp L.L.C.,235 Shepard Drive,910-853-1193,HP 465,Linden,NC,28536
23,A Sunshine Happy Day,7695 Walnut Cove Road,336-595-6032,HP 940,Walnut Cove,NC,27052
24,"A&R Glass Art, LLC",3801 Hillsborough St. ste 101,919-977-9481,HP 22,Raleigh,NC,27607
25,Aaron Laughrun,2224 Blowing Rock Rd,"828-284-5728,828-406-2243",HP 926,Boone,NC,28607
26,Aaron-Lee Aqua Farms,370 Oak Forest Dr.,704-450-6082,HP 574,Statesville,NC,28625
27,"Abaca Labs, Inc.",6114 Chilcot Lane,910-262-4895,HP 382,Wilmington,NC,28409
28,Abby's Angels Processing Inc,135 Ruth Ledford Rd,828-371-1336,HP 816,Franklin,NC,28734
29,Abolghasem Shahbazi,1601 E Market Street 107 Sockwell Hall,336-285-3830,HP 866,Greensboro,NC,27411
30,"Abundant Labs, LLC",289 Silkwood Drive,828-246-0428,HP 440,Canton,NC,28716
31,ACES,801 W Fieldcrest Rd,336-707-7336,HP 805,Eden,NC,27288
32,"Active Concepts, LLC",107 Technology Drive,704-998-1561,HP 441,Lincolnton,NC,28092
33,ADA International Beauty,4813 Sunset Forest Circle,410-522-8846,HP 856,Holly Springs,NC,27540
34,Adam Poindexter,378 Davis Rd,336-345-0740,HP 932,Clemmons,NC,27012
35,"Adapted Industries, Inc",11 Wyckoff St. Apt 5,919-805-0799,HP 471,Brooklyn,NY,11201
36,AFB Enterprise LLC,432 Sylvania Ave,704-626-8000,HP 342,Charlotte,NC,28206
37,Aggrist Inc.,129 South Main Street,919-264-2401,HP 14,Oakboro,NC,28129
38,"Agritiva, Inc",5181 Willow Valley Way,614-207-4467,HP 406,Powell,OH,43065
39,"Agros Biotechnology, CO",P.O. Box 127,919-259-8340,HP 15,Plumtree,NC,28664
40,Ahven LLC,105 Coorsdale Dr,919-444-1831,HP 997,Cary,NC,27511
41,Akhenaten Extracts Inc,1051 Elchenburg Castle Place,336-415-1553,HP 345,Boonville,NC,27011
42,Ala - CAS Botanicals,7086-B Paschal Road,336-214-5772,HP 1054,Burlington,NC,27217
43,Alchemy Farms,6200 Gail Drive,704-628-6315,HP 1274,Indian Trail,NC,28079
44,All Natural Carolina Hemp Company,2715 Sigmon Dairy Road,704-779-8826,HP 678,Newton,NC,28658
45,All Natural Farms LLC,5068 US-64,877-807-1023,HP 16,Franklinville,NC,27248
46,"Alliance One Specialty Products, LLC",,252-206-3203,HP 593,Wilson,NC,27894
47,"Allure Hemp Products, Inc",10327 NC  HWY 49 N,678-896-1575,HP 519,Mount Pleasant,NC,28124
48,Aloha Plus LLC,9650 Leesville Rd,919-961-0067,HP 1201,Raleigh,NC,27613
49,Alternative Health Distribution  LL(2),1324 McEnture Road,828-255-9881,HP 17,Rutherfordton,NC,28139
50,Alternative Health Distribution LLC (1,4359 N NC 16 Business Hwy Unit 1,,HP 366,Denver,NC,28037
51,Amara CBD,2499 Town Mountain Rd.,828-708-3216,HP 735,Asheville,NC,28804
52,Amazing Concepts LLC,2141 Meadowbrook Rd,203-500-5708,HP 972,Rocky Mount,NC,27801
53,AMAZING HEMP,2141 Meadowbrook Rd.,404-713-1272,HP 999,Rocky Mount,NC,27801
54,American Culnation and Extraction S,7780 NC-135,336-544-1072,HP 631,Mayodan,NC,27027
55,"American Hemp, LLC",1959 N Peace Haven Road #176,336-529-7968,HP 18,Winston Salem,NC,27106
56,AMK  Limitless LLC,1427A Boulder Court,336-541-5158,HP 719,Greensboro,NC,27409
57,Apostolic Hippie,527 Foxlair Drive,785-236-1572,HP 1269,Fayetteville,NC,28311
58,Appa Life Co.,104 S. Beverly Dr. #104B,561-598-1437,HP 562,Locust,NC,28097
59,Appalachian CBD LLC,775 Charlotte Hwy,828-777-0719,HP 803,Fairview,NC,28730
60,Appalachian Extracts LLC,329 Emma Road,828-255-9881,HP 19,Asheville,NC,28806
61,"Appalachian Growers, LLC",397 Luther Raby Road,828-226-3257,HP 20,Franklin,NC,28734
62,"Appalachian Hemp Company, LLC",91 Holbrook Rd,828-545-9949,HP 21,Candler,NC,28715
63,Appalachian High Hemp,1053 Friendship Rd,336-877-7804,HP 945,Jefferson,NC,28640
64,Appalasia Farm,136 Dix Creek Chapel Road,828-275-3999,HP 847,Asheville,NC,28806
65,April Nicole Durham,2722 Immanuel Road,336-907-3451,HP 1096,Greensboro,NC,27407
66,"Aquado, Marcella",2014 South Main Street #604,919-480-3190,HP 353,Wake Forest,NC,27513
67,Arnold Dale Thomas,85 Elk Run,828-774-0463,HP 779,Mars Hill,NC,28754
68,"Arrowhead Hemp Farm, LLC",1005 Dinkins Road,336-971-8877,HP 1087,Lewisville,NC,27023
69,Arrowhead Hemp Farms LLC,255 Potato Branch Rd,901-326-5016,HP 350,Leicester,NC,28748
70,"Arrowood, Aaron",3226 Taylorsville Highway,"828-292-4610,828-640-8540",HP 23,Statesville,NC,28624
71,"Art of Undoing, LLC",44 Merrimon Ave,904-316-4886,HP 24,Asheville,NC,28801
72,Asher Mcadams Healthwise Pharmac,305 Trollinger Street,336-226-1619,HP 25,Burlington,NC,27215
73,"Asheville Botanicals, LLC",133 Thompson Street Suite D,828-850-7607,HP 13,Asheville,NC,28803
74,Asheville Craft Cannabis,43 Smith Mill Rd,855-858-2420,HP 520,Asheville,NC,28806
75,Asheville Dispensary,919 Haywood Rd ste 111,828-230-3660,HP 26,Asheville,NC,28806
76,"Asheville Farms, LLC / Asheville Hem",792 Haywood Road,828-545-5393,HP 504,Asheville,NC,28806
77,Asheville Hemp,855 Merriman Ave,828-674-6283,HP 796,Asheville,NC,28804
78,Asheville Tea Company L.L.C.,7 Brevard Road,8285453341,HP 368,Asheville,NC,28806
79,Ashley Thomas,170 Elk Run,828-772-6674,HP 906,Mars Hill,NC,28754
80,Aspire  CBD Wellness,508 N. Daughtry St,678-733-4466,HP 900,Rocky Mount,NC,27801
81,Asterra Labs LLC,800 Cooke Road,919-376-6100,HP 1079,Nashville,NC,27856
82,Astro CBD,507 Briarwood Dr.,434-579-1572,HP 505,Eden,NC,27288
83,Astro Hemp Processor 2,3802 Parkwood Dr.,719-985-0324,HP 588,Greensboro,NC,27403
84,"Atalo Holdings, INC",4274 Colby Road,859-559-4550,HP 27,Winchester,KY,40391
85,"ATTL Products, INC",216 East Holly Hill Rd,336-474-3500,HP 28,Thomasville,NC,27360
86,"August 13, Inc",1050  Dalton Road,336-210-2078,HP 1000,Lewisville,NC,27023
87,Avazyme Laboratory,2202 Ellis Rd,508-317-2287,HP 29,Durham,NC,27703
88,Avery Farms,615 Avery Lane,828-733-5052,HP 743,Newland,NC,28657
89,Avient Biosciences,3040 Black Creek Road,919-614-7600,HP 260,Wilson,NC,27893
90,Avoca LLC,841 Avoca Farm Rd,252-482-2133,HP 692,Merry Hill,NC,27957
91,Azullu Inc,321 Atando Ave Suite C,704-618-1915,HP 322,Charlotte,NC,28206
92,B Warren & Co Farms,2500 Hedgepeth Rd,252-578-1991,HP 472,Halifax,NC,27839
93,B.I.G. Hempin Inc.,3387 Tarleton W.,336-253-4530,HP 450,Durham,NC,27713
94,Backporch Dispensary,4007 South New Hope Rd,704-914-7658,HP 843,Gastonia,NC,28065
95,Bake Marketing,1442 Hwy 96,615-585-5002,HP 658,Burns,TN,37209
96,Barry Saintsing,540 Community Road,336-782-8782,HP 948,Lexington,NC,27295
97,"Beachum Hemp, LLC",4747 Gold Hill Road East,704-640-9440,HP 848,Gold Hill,NC,28071
98,Bean and Buster’s Farm Fresh Produc,219 Hillside Music Road,919-244-4602,HP 30,Pittsboro,NC,27312
99,Bean to Brew Inc,8008 Corporate Center Drive,704-728-1678,HP 418,Charlotte,NC,28226
100,"Bear Fiber, INC",1059 Peace Haven Rd #176,910-352-8835,HP 31,Winston-Salem,NC,
101,Bear Foot Hemp Co.,21 Old  Red Barn Rd,828-214-5525,HP 897,Leicester,NC,28748
102,Bear Hayes Hemp Company LLC,252 Blackberry Inn Road,828-974-1504,HP 1075,Weaverville,NC,28787
103,Bear Paw Farms,5556 Murphy Rd.,919-986-7145,HP 615,Fayetteville,NC,28312
104,"Beck, Jeremy &Bivens, Maria",110 L Cotton Grove Rd,336-309-0992,HP 32,Lexington,NC,27292
105,Becky R. Raynor,317 King Road,910-934-7007,HP 786,Jacksonville,NC,28540
106,Beekeeper LLC,"5535 Memorial Drive, Suite F1277",832-528-6165,HP 1281,Houston,TX,77007
107,"Being Herself and Company, LLC (Wa",12520 Capital Blvd Suite 401-143,919980-5464,HP 452,Wake Forest,NC,27587
108,"Being Herself and Company, LLC (Wil",102 East Street SE,919980-5464,HP 451,Wilson,NC,27893
109,"Benchmark Nutriceuticals, LLC",1038 Culp Rd Ste 600,704-207-8254,HP 783,Pineville,NC,28134
110,Bent Creek Institute,100 Frederick Law Olmsted Way,828-333-5124,HP 539,Asheville,NC,28806
111,"Berrier, Shannon",889 E. King St.,336-692-4944,HP 550,King,NC,27021
112,Best Buds Extract LLC,6940 US Hwy 64 W,"919-200-1840 (Yosi,469-396-3258 (Mar",HP 929,Pittsboro,NC,27312
113,Bethany Casella,6200 Upton Pl,570-404-7539,HP 838,Lenoir,NC,28645
114,Bethesda Hemp,110 N. McNeil Street,910-409-0886,HP 33,Burgaw,NC,28425
115,Betty Wop Shop,11 Dilworth Circle Apt 205,828-989-2357,HP 267,Asheville,NC,28806
116,Beverly Chisholm,105 Inisfree Place,919-244-7638,HP 1070,Morrisville,NC,27560
117,Big Ivy Naturals,230 Buckner Branch Rd,828-713-4426,HP 797,Barnardsville,NC,28709
118,Big Love Farms,3348 Octavia Drive,301-741-0094,HP 630,Rocky Mount,NC,27804
119,Billy Styles,14328 Lawyers Rd,704-361-4088,HP 674,Mint Hill,NC,28227
120,Binzola Bio LLC,501 Daniel Street,202-787-9662,HP 35,Tarboro,NC,27886
121,Bio Hemp LLC,206 College Street Suite 144,980-888-5559,HP 432,Pineville,NC,28134
122,"Bio Lab Global, LLC",1127 Curtis Street Suite D,910-795-3381,HP 839,Monroe,NC,28112
123,"Biohemp Industries, INC",4242 Six Forks Road 15th floor,888-577-5560,HP 36,Raleigh,NC,27609
124,BioLeaf LLC,912 Garden Square Lane,919-587-6909,HP 765,Morrisville,NC,27560
125,"BioPhrex, LLC","50 Commerce Street Building 1, Unit 5",864-529-2108,HP 435,Brevard,NC,28712
126,Bird Lady Farms LLC,118 Yeagers Court,910-315-4189,HP 1209,Carthage,NC,28327
127,Blackbeard Provisions LLC,404 Old Swann Point Ave,910-616-1682,HP 862,Rocky Point,NC,28457
128,Blackbird Tattoo Gallery,2507 NC 226 S.,828-803-0036,HP 575,Marrion,NC,28752
129,BlackCherry's Dynasty,2505 Lourance Blvd C,336-638-1887,HP 1260,Greensboro,NC,27407
130,Blacklands Botanicals LLC,7533 NC-45,267-614-3967,HP 528,Belhaven,NC,27810
131,Bloomington Hemp Company LLC,24581 Austin Rd,704-668-2240,HP 751,Albemarle,NC,28001
132,Blossom,6117 Muirfield Dr.,336-497-1799,HP 529,Greensboro,NC,27410
133,Blue Mountain Hemp Company,10 Clover Brook Drive,828-319-7643,HP 268,Weaverville,NC,28787
134,"Blue Mountain Oils Co., LLC",613 1st Ave. N,828-243-6334,HP 291,Conover,NC,28613
135,Blue Ridge Aromatics,560 Pine Branch Road,828-545-3963,HP 37,Marshall,NC,28753
136,Blue Ridge CBD Company,904 S. New Hope Rd. STE H,704-836-7642,HP 554,Gastonia,NC,28054
137,"Blue Ridge Nutritionals, LLC",61 ½ N Lexington Ave,828-333-0806,HP 38,Asheville,NC,28801
138,Blue Ridge Resource Management LL,160 Grassy Knoll Way,606-224-1568,HP 653,Blowing Rock,NC,28605
139,"Blue Ridge Valet Services, LLC",88 Blazing Star Drive,704-956-5635,HP 39,Leicester,NC,28748
140,"Blue Rock Property Group, LLC",6000 Meadowbrook Mail Court,704-699-5174,HP 40,Clemmons,NC,27012
141,Body & Soul Labs LLC,78 Catawba Ave,828-678-1030,HP 1009,Old Fort,NC,28762
142,Boomer Extracts,1239 Old Salem Road,336-247-2724,HP 1268,Kernersville,NC,27284
143,Boone’s Cave Hemp,369 Henry Lomax Rd,803-730-1475,HP 907,Lexington,NC,27295
144,Boro Beverage Company,400 W. Rosemary Street Suite 1005,919-942-1110,HP 261,Chapel Hill,NC,27516
145,Bosal Enterprises Inc,601 B. Harper St,252-230-1187,HP 886,Wilson,NC,27893
146,Botanic Ade LLC,6309 Roles Saddle Drive,914-874-3308,HP 599,Rolesville,NC,27571
147,"Botanical Essence Hemp ENC, LLC",4814 Old Tar Road,252-258-5730,HP 41,Winterville,NC,28590
148,Boundless Life CBD,103 Salola St.,828-980-0434,HP 417,Asheville,NC,28806
149,Brandon Madrid,31 Spring Acres Ln,978-237-1216,HP 841,Asheville,NC,28711
150,Brandon Potts,730 Rocks Spring Church Rd,970-333-1386,HP 1018,Rutherfordton,NC,28139
151,"Brandstracts, LLC",22 Sheppard Drive,615-438-5446,HP 269,Asheville,NC,28806
152,"Brannock, Eric",2675 Riverside Drive,,HP 270,Mt. Airy,NC,27030
153,NA,100 Elks Club Road,828-884-8420,HP 477,Brevard,NC,28712
154,Brevard Hemp LLC(656),"5046 Boylston Hwy, Suite 4",828-708-2225,HP 656,Mills River,NC,28759
155,Brian Howard,160 Crater Road,704-437-9737,HP 659,Harmony,NC,28634
156,"Broadhead, Robert",48 Full Circle Trail,828-669-1785,HP 42,Black Mountain,NC,28711
157,Broadway Hemp Company,2626-C Fayetteville St.,919-799-0581,HP 43,Sanford,NC,27332
158,Bronson Cannon,379 Bradshaw Rd,980-335-8891,HP 1133,China Grove,NC,28125
159,"Brothers, Jane and Warren",5463 Paul’s Path Road,No phone number,HP 44,La Grange,NC,28551
160,"Bruce, Jeffrey",47 Hare Rdg,407-748-0255,HP 45,Asheville,NC,28803
161,Bruisin' Ales,66 Broadway Street Suite 1,828-252-8999,HP 373,Asheville,NC,28801
162,Brushy Bee CBD,610 Bethany Church Road,"336-921-1010,832-275-8936",HP 1092,Moravian Falls,NC,28654
163,"Bryk, Cory",5780 Mulberry Church Rd,828-719-0853,HP 407,Lenoir,NC,28645
164,BTEC-NCSU,850 Oval Drive,"919-515-8526,919-515-2000",HP 960,Raleigh,NC,27695
165,"Buddy Green, LLC",2402 Sky View Lane,919-357-8557,HP 1180,Burlington,NC,27215
166,"Bulls Tobacco, LLC",2201 W. Clemmonsville Rd.,336-893-9293,HP 46,Winston-Salem,NC,27127
167,Bumblebee Budd,PO Box 490,505-652-0669,HP 1223,Raeford,NC,28376
168,Bunting Hemp3,211 Walnut St,252-717-2033,HP 989,Oak City,NC,27857
169,Busted Bucket Farm,2517 Dalton Dr,336-214-5176,HP 806,Efland,NC,27243
170,"Byrd, Michael Justin",427 Matfield Ct.,704-254-1783,HP 530,Monroe,NC,28110
171,C B D Chris,303 Lexington St,252-557-7744,HP 885,Rocky Mount,NC,27801
172,"C&B Distributors, INC",201 S. Main St. PO Box 275,704-824-8515,HP 316,Lowell,NC,28098
173,"Cackalacky, Inc.",697 Hillsboro Street Suite 500,9199233190,HP 1126,Pittsboro,NC,27312
174,Caldwell Extension Center,120 Hospital Ave NE Suite 1,828-757-1290,HP 572,Lenoir,NC,28645
175,"Camag Scientific, Inc",515 Cornelius Harnett Dr.,800-334-3909,HP 790,Wilmington,NC,28401
176,"Camel City Hemp, LLC",1124 Louise Rd Unit 107,336-486-9310,HP 372,Winston-Salem,NC,27107
177,"Camino Group, LLC",850 Chancellor Park Dr. Ste C,828-260-8206,HP 53,Charlotte,NC,28213
178,Cane Creek Valley Farm & Co Inc,1448 Cane Creek Rd,"828-338-0188,864-915-8994",HP 660,Fletcher,NC,28732
179,Canna Direct USA,150 N. Research Campus Dr.,704-906-7043,HP 697,Kannapolis,NC,28081
180,Canna Queen Solutions,4700 Riverwood Circle #344,919-917-8330,HP 1162,Raleigh,NC,27612
181,Canna Queen Solutions LLC,210 Newton Rd #2002,919-917-8330,HP 1169,Raleigh,NC,27615
182,Cannabis Strategic Solutions Inc.,252 Lanier Place,804-731-5017,HP 317,Clayton,NC,27527
183,CannaBison LLC,8740 Bellhaven Blvd,704-252-0845,HP 1003,Charlotte,NC,28216
184,CannaHelpLLC,106 Cheyenne Trail,919-283-6903,HP 746,Wilmington,NC,28409
185,Cannalina,129 Bleachery Blvd #107,413-739-4367,HP 48,Asheville,NC,28805
186,CANNAPY,45 West Depot St,919-275-9119,HP 1264,Angier,NC,27501
187,CannaScience X LLC,1917 Oakland Drive,336-756-5441,HP 271,Winston-Salem,NC,27106
188,Cannavessel Labs,1515 Mockingbird Lane Ste 400,704-935-3568,HP 568,Charlotte,NC,28209
189,Cannifusion,3202 Wilkinson Blvd Unit 3Cb,704-345-9590,HP 47,Charlotte,NC,28208
190,Cantek LLC,1212 North Mineral Springs Road Building No. 3,336-409-0131,HP 560,Durham,NC,27703
191,"Cape Fear Hemp of Fayetteville,LLC",220 Myrover Street,352-538-0131,HP 742,Fayetteville,NC,28305
192,Capitol Smoke Inc,215 West Martin St,919-916-5966,HP 913,Raleigh,NC,27601
193,Capo Sales & Services,130 Staff Ln,803-804-8630,HP 1098,Mooresville,NC,28115
194,Cara M. Campbell,507 Mills River Way,828-489-1900,HP 715,Horse Shoe,NC,28742
195,"Care Botanicals Distributors, LLC(661)",102 Justice Ridge Road,828-712-9429,HP 661,Candler,NC,28715
196,"Care Botanicals Distributors, LLC(675)",102 Justic Ridge Road,828-712-9429,HP 675,Candler,NC,28715
197,Carmichael Brothers Distillery,17520 Wallace Way,910-361-4592,HP 1109,Laurinburg,NC,28352
198,"Carmichael Farms, LLC",20227 Old Maxton Rd.,910-276-5930,HP 400,Maxton,NC,28364
199,Carolina Ag Lab,17520 Wallace Way,910-361-4596,HP 1113,Laurinburg,NC,28352
200,Carolina Bay Derivatives,7381 Florence Rd,252-672-0000,HP 506,Merritt,NC,28556
201,"Carolina Botanicals, LLC",305 S. Main St.,843-457-7503,HP 589,Tabor City,NC,28463
202,Carolina Canna Co LLC,8507 Grace Meadow Court,828-713-0018,HP 52,Stokesdale,NC,27357
203,Carolina Cannabinoids LLC,5104 Reagan Drive Suite 4,403-998-5328,HP 361,Charlotte,NC,28206
204,Carolina Cannabis Co.,516 Pocomoke Rd.,919-971-0676,HP 272,Franklinton,NC,27596
205,Carolina Cannabis Company Inc.,6904 August Dr,336-782-2480,HP 351,Clemmons,NC,27012
206,Carolina Cannabis Lab,8725 Savage Rd,423-504-3554,HP 318,Sping Hope,NC,27882
207,"Carolina Cannacare Co., LLC",7825 Rhodhiss Rd,,HP 401,Connelly Springs,NC,28612
208,"Carolina CBD Hempire, LLC",4902 Wilkinson Blvd Ste E,704-813-2503,HP 755,Gastonia,NC,28056
209,Carolina Certified Organics LLC,1213 Dawkins St,984-234-2073,HP 1210,Durham,NC,27707
210,Carolina Crew Concentrates LLC,3013 Bonterra Blvd,704-441-6228,HP 854,Indian Trail,NC,28079
211,Carolina Cure LLC,3516 Song Sparrow Drive,919-576-7356,HP 740,Wake Forest,NC,27587
212,Carolina Flavor Inc,6932 Market St Suite I,910-228-7872,HP 925,Wilmington,NC,28411
213,Carolina Gold,816 Nanny Reams Lane,919-234-7248,HP 1014,Cary,NC,27519
214,Carolina Hemp Cabinet LLC,3625 Mt Holly Huntersville Rd,980-430-1099,HP 919,Charlotte,NC,28216
215,Carolina Hemp Depot LLC,2037 Martin Luther King Jr Dr.,,HP 620,Greensboro,NC,27406
216,Carolina Hemp Farmacy,1040 A Broad Street,252-259-4878,HP 1132,New Bern,NC,28560
217,"Carolina Hemp Products, Inc",1504 Cunningham Rd,252-523-9300,HP 273,Kinston,NC,28501
218,Carolina Hemp Refinery,800 Union Ridge Road,919-641-8691,HP 908,Burlington,NC,27217
219,Carolina Hemp Shop,426 S. Person St.,919-757-3652,HP 51,Raleigh,NC,27601
220,Carolina Hemp Supply,1126 Davenport Forks Rd,619-507-0237,HP 1235,Creswell,NC,27928
221,"Carolina Hemp Tours, Inc",213 Lorax Lane,910-985-0182,HP 903,Pittsboro,NC,27312
222,Carolina Hemp Traders,213 S. White Street,919-391-0247,HP 54,Wake Forest,NC,27587
223,Carolina Medical Investments LLC,695 South Bennett Street,910-687-4367,HP 384,Southern Pines,NC,28387
224,NA,Suite 113,919-209-8156,HP 753,Greenville,NC,27858
225,"Carolina Pharms, Inc",3304 Belaire Road,704-202-8160,HP 694,Mooresboro,NC,28114
226,Carolina Roots Wellness Collective,229 Sealane Way,919-656-0070,HP 832,Kure Beach,NC,28449
227,Carpenter and Siren Co-Op,74 Cumberland Ave. #3,828-702-2184,HP 613,Asheville,NC,28801
228,"Carter, Ashley",3585 Cottontail Lane,336-408-4718,HP 379,Winston Salem,NC,27127
229,Cassandra Hetteen,853 Merrimon Avenue,828-785-2410,HP 1071,Asheville,NC,28804
230,"Caswell Hemp Company, LLC",3642 Hwy 119 N.,336-213-8884,HP 61,Leasburg,NC,27291
231,Catawba River Farms,5215 Old Greenlee Road,336-403-2894,HP 727,Marion,NC,28752
232,Cavin's Green Energy Efficiency Cons,7427 Matthews Mint Hill Road Suit 105,704-560-8627,HP 346,Mint Hill,NC,28227
233,CBD & Me,2411 Greencrest Dr Apt. D,540-808-9557,HP 686,Charlotte,NC,28205
234,CBD Buddy LLC,236 W. Mongomery St.,252-657-8281,HP 592,Henderson,NC,27536
235,CBD Essentials For All,8450 Newfane Road,980-505-9092,HP 309,Charlotte,NC,28269
236,CBD Industries LLC - cbdMD,8845 Red Oak Blvd.,619-800-8084,HP 315,Charlotte,NC,28217
237,CBG Holdings LLC,162 Mine Lake Court #200,252-908-2661,HP 1026,Raleigh,NC,27615
238,CBZ HEMP,6570 Old Valley School Rd,,HP 1172,Kernersville,NC,27284
239,Ceiba Botanical Distribution LLC,146-A Weaverville Rd,828-450-2931,HP 358,Asheville,NC,28804
240,"Celadon Resources, LLC",288 Whitehouse Drive,704-400-7737,HP 683,Lincolnton,NC,28092
241,Celestial Hemp Co.,6422 University Pkwy,336-377-7046,HP 488,Rural Hall,NC,27045
242,Chad Pullins LLC,1319 Morgan Lane Apt B,,HP 324,Fayetteville,NC,28305
243,Charles Wiley,2603 Angier Ave,919-408-6649,HP 998,Durham,NC,27703
244,Charlotte CBD,2419 Central Ave,,HP 334,Charlotte,NC,28205
245,Chauncey Johnson,7009 Barefoot Forest Drive,336-268-0935,HP 1231,Charlotte,NC,28269
246,Chematron,5216 Hovis Road,704-392-4293,HP 55,Charlotte,NC,28208
247,Cherry Mountain,3147 Old Hwy 64 W,"828-372-2816,919-345-5670",HP 1171,Warne,NC,28909
248,Chill Bro Dude Co.,837 W 7th St,551-482-7826,HP 817,Winston-Salem,NC,27101
249,"Choice All Natural, Inc",1019 Classic Rd,919-629-8389,HP 605,Apex,NC,27539
250,Christopher Collins,3866 Parkway Vista Rd,336-471-8725,HP 1121,Greensboro,NC,27409
251,Christrian Breeding,340 Lake Point Lane,336-601-8771,HP 326,Belews Creek,NC,27009
252,Chrysalis Earth Farm,433 Crawford Cemetery Rd,561-504-4459,HP 1248,Sylva,NC,28779
253,Cider Moon Hemp,250 Potato Branch Rd,828-683-9626,HP 889,Leicester,NC,28748
254,CIJ Holdings Inc.,201 North Front St. Suite 404,833-334-2010,HP 388,Wilmington,NC,28401
255,Cindy DeVoursney,840 Thissa Way,615-653-8238,HP 1257,Brevard,NC,28712
256,City Trees Hemp LLC,111 Consortium Drive Unit 110,910-527-7409,HP 436,Raleigh,NC,27603
257,cLeod9.LLC,2017 North Center St,828-328-1397,HP 1236,Hickory,NC,28601
258,Clines Nursery,1901 Fallston Rd,704-487-9861,HP 1278,Shelby,NC,28150
259,Closer to the Land Farm,784 Rosser Road,919-478-1979,HP 56,Bear Creek,NC,27207
260,Cloudy Lanes LLP,605 E Innes Street #72,704-431-3811,HP 1266,Salisbury,NC,28144
261,Clover CBD,1029 Patton Ave,"828-417-9003,206-305-7402",HP 258,Asheville,NC,28804
262,"CMJ Holding, Inc",5710 Gate City BLVD,919-510-0228,HP 503,Greensboro,NC,27407
263,Coastal Labs NC LLC,288 Whitehouse Drive,778-839-7373,HP 672,Lincolnton,NC,28092
264,"CoCo Blossom Whipped, LLC",10712 Greatford Ct,980-474-0727,HP 1279,Charlotte,NC,28215
265,"Co-Lab Nutraceuticals, LLC",15A Domino Lane,828-335-7673,HP 57,Asheville,NC,28806
266,Collective NC LLC,1600 Olive Chapel Road Suite 328,910-231-1179,HP 62,Apex,NC,27502
267,"Commonwealth Extracts, LLC",6900 Riverport Drive Suite D,502-450-6044,HP 63,Louisville,KY,40258
268,Complete Hemp Co.,1508 East Dixon Blvd.,336-707-7908,HP 1063,Shelby,NC,28152
269,Complete Nurture LLC,1324 McEntire Road,828-255-9881,HP 58,Rutherfordton,NC,28139
270,Connoisseur Collective,2902 Pinetree Ct,919-282-7983,HP 942,Durham,NC,27705
271,"Cook, George Stephen",280 Rosecrest Dr.,336-210-2999,HP 561,Mt. Airy,NC,27030
272,Corey Chancellor,6300 Lake Forest Road East,704-712-9526,HP 1216,Charlotte,NC,28227
273,Cortex Associates LLC,73A Laurel Loop,828-206-5970,HP 1211,Asheville,NC,28806
274,Cory David Zellmer,3899  Hwy 213,828-337-4635,HP 825,Marshall,NC,28753
275,"Cottonman.com, LLC",409 Evans Bass Rd.,252-562-4300,HP 1057,Edenton,NC,27932
276,Covalent,4257 Chadbourn Highway,919-825-1400,HP 507,Whiteville,NC,28472
277,Covalent Extractions,6501 Creedmoor Rd. Ste207,919-825-1400,HP 669,Raleigh,NC,276013
278,Cowan's Fantastic Fungi LLC,13118 Megan Dr,980-781-6346,HP 1241,Rockwell,NC,28138
279,"Creative Canna Flower, LLC",7316 Lake Juno Rd,336-430-3946,HP 408,Liberty,NC,27298
280,Creative Solution Services LLC,757 Haywood Road,828-407-3710,HP 59,Asheville,NC,28806
281,Criticality,"1900 Stantonsburg Rd, SE","252-640-3440,252-640-3451",HP 60,Wilson,NC,27893
282,Crossroads Hemp Company,731 Stony Point Road,"704-472-5365,704-739-2958",HP 1253,Kings Mountain,NC,28086
283,Crystal Coast Cannabis,6760 Hwy 70,"252-223-2998,252-241-7901",HP 387,Newport,NC,28570
284,Crystal Coast Farms,680 Swansboro Loop Rd,910-389-0064,HP 791,Swansboro,NC,28584
285,Crystal Field,6700 Big Level Rd,828-674-8250,HP 938,Mill Spring,NC,28756
286,Cubed Gummies,622B W 1st Street,828-774-6149,HP 871,Winston-Salem,NC,27101
287,"Cultivation of Agriculture, INC",2812 Starita Road,980-333-7860,HP 64,Charlotte,NC,28269
288,Cunningham Brothers Farm,5681 Hull Rd,252-521-7968,HP 1147,LaGrange,NC,28551
289,Cure Based Development,10130 Perimeter Pkwy Suite 200,619-800-8084,HP 65,Charlotte,NC,28216
290,Cuz's Farm LLC,11101 Coachman Circle,794-574-0606,HP 1114,Charlotte,NC,28277
291,D. Gene Koons,4676 Antioch Rd,919-691-4081,HP 671,Oxford,NC,27565
292,D3 processing,,910-214-6036,HP 551,Clinton,NC,28328
293,"Dalton-Bethea, Shawn",1001 North Elm Street,336-501-3793,HP 567,Greensboro,NC,27401
294,"Dandy Andy’s Organics, LLC",6309 Wrightsville Ave,910-431-6334,HP 66,Wilmington,NC,28403
295,Daniel O'Dell,9235 Woodstream Dr.,252-373--8102,HP 846,Bailey,NC,27807
296,Daniel Snyder,540 Community  Road,336-408-7533,HP 947,Lexington,NC,27295
297,Daran Goines,1822 Grier Ave,312446-8936,HP 781,Charlotte,NC,28216
298,Dark Hollow Farm LLC,59 Allwood Dr,910-279-9639,HP 409,Fletcher,NC,28732
299,Darrells Hemp Processing,5290 Mayo Farm Rd,252-799-7017,HP 1183,Oak City,NC,27857
300,DASPOT,PO Box 1423,919-827-5332,HP 1064,Knightdale,NC,27545
301,David McDuffie,3610 Sturbridge Drive,910-785-0882,HP 722,Hope Mills,NC,28348
302,David Russell Achenbaugh,1096 Mackey Creek Rd,,HP 912,Old Fort,NC,28762
303,David Simmons,928 S Plum Street,919-225-4452,HP 1090,Durham,NC,27701
304,"Davis, Tiffany S.",2715 West Sugar Creek Rd,980-949-8490,HP 453,Charlotte,NC,28262
305,DAX Botanicals LLC,26 N. Broad St. E,919-696-1577,HP 1028,Angier,NC,27501
306,NA,Apt 101,336-339-2832,HP 336,Raleigh,NC,27606
307,Dayone Organics,46 A Gorman Bridge Rd.,570-728-0122,HP 531,Asheville,NC,28804
308,Dayton Pfenning,451 Alf Hoover Rd,269-760-1966,HP 1161,Lincolnton,NC,28092
309,"DBT Holdings, LLC",3630 Tryclan Drive,704-900-6606,HP 1206,Charlotte,NC,28217
310,Delta 9,1925 Piney Grove Road,336-823-2986,HP 633,Kernersville,NC,27284
311,"Delta-8 Distillery, LLC",715 Cardwell Lane,704-807-9982,HP 1254,Fletcher,NC,28732
312,Denare USA Inc,230 Clary Ave,323-847-4069,HP 1049,San Gabriel,CA,91776
313,Deutermann Farms,947 Falls Park Dr,919-285-6881,HP 1258,Sanford,NC,27330
314,Ding Dang Donkey LLC,4276 Rector Corner Rd,804-662-0964,HP 909,Marshall,NC,28753
315,Direct To You Merchandise LLC,101 North Main Street,310-877-5020,HP 861,Star,NC,27356
316,Display Your Graphics/Bee Healthy O,2801 Chimney Rock Road,828-489-2282,HP 637,Hendersonville,NC,28792
317,DK Distribution,5755-B NC Hwy 42 West,919-412-7380,HP 804,Garner,NC,27529
318,Do No Harmacy,4400 E. Independence Blvd,704-334-8651,HP 67,Charlotte,NC,28205
319,Dobra Tea,78 N Lexington Av,828-772-9943,HP 68,Asheville,NC,28801
320,Dome Home Farms,1668 Utah Mountain Rd,919-741-9508,HP 622,Waynesville,NC,28785
321,Dominion Management Co.,710 Buck Hill Rd.,904-327-0074,HP 274,Newland,NC,28657
322,Donavan Burton,5 Cameroons Place,919-358-8506,HP 652,Durham,NC,27703
323,Double K Farm,81 Peavine Lane,828-557-0123,HP 1088,Andrews,NC,28901
324,Down 420 Lane,8214 U.S. Hwy 158,336-837-5125,HP 70,Stokesville,NC,27357
325,Down Range Productions LLC,206 Adriondack Lane,828-755-1692,HP 71,Bostic,NC,28018
326,Dragon Gate Farm,221 Alexander Road,828-275-8754,HP 72,Alexander,NC,28701
327,"Driver, Elizabeth Darsey",817 Reems Creek Road,336-692-7615,HP 73,Weaverville,NC,28787
328,E&S Hemp Company,675 W. Firetower Rd Ste D,252-560-9539,HP 81,Winterville,NC,
329,E.O.F.,10411 Tusquittee Road,404-312-5504,HP 978,Hayesville,NC,28904
330,EA Palmer & Company llc,2591 Wedgewood Drive,315-289-7802,HP 795,Spartanburg,SC,29302
331,EarnWel's Hemp,2950 Bringle Ferry Rd,704-636-7929,HP 895,Salisury,NC,28146
332,Earth Source International,533 Mountain Lake Drive,919-625-7684,HP 76,Raleigh,NC,27610
333,"Earthland Community Development,",206 N Bond St,910-774-2846,HP 1219,Rowland,NC,28383
334,EarthNC LLC,301 Lewis St.,713-882-4300,HP 264,Oxford,NC,27565
335,East Bend Extracting,340 Highway 67 By Pass,336-972-1744,HP 830,East Bend,NC,27018
336,East Carolina Hemp Extractors,1845 US Hwy 13 N,252-325-2899,HP 1181,Ahoskie,NC,27910
337,"East Coast Hemp Supply, INC",73 VS Lee Lane,910-237-1331,HP 77,Dunn,NC,28334
338,East Coast Medicinals,3329E Wrightsville Ave,910-789-4448,HP 863,Wilmington,NC,28403
339,Ebony Phillips,1500 Oak Shire Ct Apt. A,336-575-3976,HP 730,Winston-Salem,NC,27107
340,Eden Essential Oils Producers,159 Mabes Rd.,336-430-0733,HP 78,Eden,NC,27228
341,Edens Supernatural Herbs,136 Galilee Church Rd,704-460-2256,HP 532,Kings Mountain,NC,28086
342,Edwin (Darrell) Sanders,6827 Meadowbranch  Rd,336-953-2647,HP 870,Seagrove,NC,27841
343,Elevated Chocolates,44 E Hester Ct.,919-995-4402,HP 596,Wendell,NC,27591
344,"Eliana’s Canna, LLC",221 North Glenn St,336-573-7276,HP 953,Stoneville,NC,27048
345,"Eliana's Garden, LLC",221 North Glenn St.,336-314-1329,HP 540,Stoneville,NC,27048
346,Elijah's Farm,9419 Theresa Lane,919-423-8219,HP 1159,Rougement,NC,27572
347,Elite Canna Solutions,167 Smokey Park Hwy,800-800-5821,HP 79,Asheville,NC,28806
348,Elite Canna Solutions LLC,167 Smokey Park Hwy,800-800-5821,HP 1208,Asheville,NC,28806
349,Ember Hemp LLC,800 Vengeance Creek Rd,210-475-2741,HP 880,Marble,NC,28905
350,Emerald Ascent LLC (1),50 High Pont Lane,508-365-8456,HP 750,Marion,NC,28752
351,Emerald Ascent LLC (2),206 Stoney Knob Road,,HP 853,Weaverville,NC,28787
352,Emerson Naturals,72 Hazel Mill Road,"828-773-8042,kyle@emersonnatu",HP 232,Asheville,NC,28806
353,En-Cas Laboratories,2359 Farrington Point Dr,336-785-3252,HP 767,Winston-Salem,NC,27107
354,"Endless Distribution, LLC","105 Fairview Rd, Suite 40",314-640-9721,HP 905,Asheville,NC,28803
355,Entire Support,2141 Meadowbrook Rd,305-528-2630,HP 966,Rocky Mount,NC,27801
356,"Entlasten, LLP",231 Corinth Ave,614-975-8342,HP 80,Dunn,NC,28334
357,Entourage Inc,3228 Asheville Hwy,401-668-8801,HP 650,Pisgah Forest,NC,28768
358,"Envention Enterprises, LLC",798 Starnes Cove Road,envention@gmail.c,HP 74,Asheville,NC,28806
359,Envision Green LLC,PO Box 7643,910-209-4958,HP 1047,Wimington,NC,28406
360,Epic Remedy Processing,6707 Netherlands Drive,910-350-2667,HP 645,Wilmington,NC,28405
361,"Epiphany Craft Malt, LLC",2700 Angier Avenue,919-699-6733,HP 75,Durham,NC,27703
362,Ervin Lee Murphy,604 Dowfield Dr,,HP 1227,Fayetteville,NC,28311
363,"Essence of Purity Enterprises, Inc",1415 Willow Brook Ct.,919-451-4761,HP 1025,Mebane,NC,27302
364,Essential Expressions (1),3400 Maritime Wood Drive,252-923-8273,HP 509,Manteo,NC,27594
365,Essential Expressions (2),2401 N. Croatan Hwy Suite 4,252-923-8273,HP 510,Kill Devil Hills,NC,27948
366,Eternal Roots Organic Farm,4743 Will Inman Road,843-543-0090,HP 1128,Tabor City,NC,28463
367,Ethereal Leaf Inc,20 Montview Drive,828-767-0388,HP 1124,Asheville,NC,28801
368,Euphoric Infusions,127 Chateau Road,919-638-4352,HP 1106,Durham,NC,27704
369,Evans MacTavish Agricraft,5123 Ivy Court,252-243-4006,HP 82,Wilson,NC,27893
370,"Every Day Optimal, LLC","105 Fairview Rd, Suite 40",833-228-8584,HP 566,Asheville,NC,28803
371,"Exceptional Extractions, LLC",3838 NC Highway 18 N,713-523-9595,HP 822,Sparta,NC,28675
372,Exclusive CBD LLC,4326 Kellybrook Drive,704-313-8212,HP 1081,Concord,NC,28025
373,Exotic Hemp Company LLC,15919 US-17 Suite-E,910-617-5726,HP 757,Hampstead,NC,28443
374,Exotic Plant,8640 University City Blvd A-3,980-200-5055,HP 1103,Charlotte,NC,28213
375,"Extraction Infrastructure, LLC",6758 NC 39 Hwy,919-495-5831,HP 850,Zebulon,NC,27597
376,extractX USA Inc,245 East Friendly Avenue,204-999-7449,HP 720,Greensboro,NC,27408
377,Extreme Hemp and CBD LLC,1010 Pitman Road,,HP 793,Greensboro,NC,27406
378,Exuma Sensation,1412 NE 25th St,336-414-5725,HP 1191,Winston-Salem,NC,27105
379,"Ezekiel's Garden, INC",252 Palm Road,919-451-4761,HP 424,Reidsville,NC,27320
380,Fancy Buttons Farm,259 Fancy Buttons Ln,704-634-6402,HP 936,Mocksville,NC,27028
381,Farm Dude Farms LLC,370 Cora Lane,919-413-4879,HP 961,Pittsboro,NC,27312
382,Farm Life Hemp LLC(621),2032 Farm Life School Rd,910-585-0836,HP 621,Carthage,NC,28327
383,Farm Lite Hemp LLC(632),2032 Farm Life School Road,910-585-0836,HP 632,Carthage,NC,28327
384,Farmer J LLC,1216 Thomas Ave,704-493-3199,HP 705,Charlotte,NC,28205
385,"Fasching, Joshua",2121 Central Ave 1001 West Tremont Avenue Unit C Charlotte NC 2,530-845-0173,HP 466,Charlotte,NC,28205
386,Favor Higher Ground,6219 Sid Crane Drive,706-351-2573,HP 1270,Charlotte,NC,28216
387,"Fesquet, Charles",108 S. Tracy Street,336-521-2162,HP 84,Kings Mountain,NC,28086
388,Field Laboratory Seven,1072 Laurel Creek Rd,252-347-2715,HP 1165,Todd,NC,28684
389,"Finch, John William",5958 West NC 97,252-883-7760,HP 85,Spring Hope,NC,27882
390,Firefly Farm CBD Processing,1341 US 64-74A Hwy,828-980-8402,HP 668,Rutherfordton,NC,28139
391,Fishermans Rest LLC,20311 Chartwell Center Drive Suite 1469,,HP 971,Cornelius,NC,28031
392,"Flat River Hemp Company, INC",757 Wheelers Church Road,919-819-8968,HP 86,Hurdle Mills,NC,27541
393,Flat River Infusions LLC (Garner),181 Wintergreen Drive,919-475-7350,HP 87,Garner,NC,27529
394,Flat River Infusions LLC (Roxboro),317 Lucy Garrett Road,919-475*7350,HP 88,Roxboro,NC,27573
395,Flow Euphoria L.L.C.,534 Malloy Rd,910-988-2997,HP 756,Lumber Bridge,NC,28357
396,Foes Inc,3824 Vane Court Suite B,,HP 707,Charlotte,NC,28206
397,Founder's Hemp,1157 S. Cox Street,888-334-4367,HP 90,Asheboro,NC,27203
398,"Four Springs Brewing Company, LLC",218 South Fayetteville Street,336-610-3722,HP 91,Asheboro,NC,27203
399,Four Winds Distributing,8008 Park Vista Circle,704-607-9266,HP 823,Charlotte,NC,28226
400,Foxfire Fields,343 Amber Mtn Rd,828-688-6801,HP 1008,Bakersville,NC,28705
401,"Frank's Perennial Border, Inc",1744 W Clemmonsville Rd,336-650-1111,HP 1164,Winston-Salem,NC,27127
402,Franny’s Farmacy (Asheville),211 Merrimon Ave. Unit 111,828-337-1025,HP 92,Asheville,NC,28801
403,Franny's Farmacy (Hendersonville),128 Henderson Crossing Plaza,828-337-1025,HP 402,Hendersonville,NC,28792
404,"FreeCo, Inc",231 Williams St.,910-485-5567,HP 341,Fayetteville,NC,28301
405,Freedom Hill Processing,227 W. 4th Street,704-412-0879,HP 763,Charlotte,NC,28202
406,Fresh Start,508 North Daughtry Street,813-758-5345,HP 1020,Rocky Mount,NC,27801
407,Full Spectrum Hydroponics,1620 E. 10th Street Suite 140,252-541-1182,HP 724,Roanoke Rapids,NC,27870
408,"Fullerton, John R.",77 Ridge Pine Ln,910-367-0085,HP 93,Sparta,NC,29675
409,FUMA Smokes LLC,340 NC-67,804-350-2389,HP 1130,East Bend,NC,27018
410,G S Herbs,1132 Deerfield Lane,252-217-2501,HP 1082,Jamesville,NC,27846
411,G.M. J. Inc,8640 University City Blvd A-3 P190,704-806-1571,HP 877,Charlotte,NC,28213
412,G.O Labs,PO Box 278,704-932-6195,HP 98,Kannapolis,NC,28082
413,Gaia Arise Farms,158 Goodyacre Dr.,828-246-8670,HP 700,Waynesville,NC,28786
414,"GAIA Herbs, Inc",101 Gaia Herbs Drive,828-883-6028,HP 250,Brevard,NC,28712
415,"Gary, Kortney",11 Duck Pond Ct.,919-441-1591,HP 571,Durham,NC,27703
416,Gassed Up LLC,5365 Robinhood Rd Suite D,336-815-1591,HP 1244,Winston-Salem,NC,27106
417,GB Labs LLC,794 American Way,724-456-7900,HP 898,Lexington,NC,27295
418,Geno Tech Processing LLC,4030 Wake Forest Road Suite 204,919-846-0300,HP 951,Raleigh,NC,27609
419,"Genoverde Biosciences, Inc.",205 W. Davie Street Suite 513,202-531-4897,HP 275,Raleigh,NC,27601
420,George D. Bell,122 Tarheel Dr.,"252-447-0271,252-671-5909",HP 1017,Havelock,NC,28532
421,George H. Myers & Son,6955 NC Hwy 62 North,336-380-7530,HP 957,Blanch,NC,27212
422,Georgia Harvest,5 Campbell Rd,224-217-0756,HP 934,Pinehurst,NC,28374
423,"Gibson, Duane",115 Blannahassett Island Road Studio 204,828-385-4442,HP 304,Marshall,NC,28753
424,"Gillespie, John F.",414 East Main Street,336-408-9447,HP 331,Boonesville,NC,27011
425,Good Health Good Life,1866 Oak Harbour Drive SW,910-755-6873,HP 100,Ocean Isle Beach,NC,28469
426,"Good Hemp, Inc","20311 Chartwell Center Drive, Suite 1469",,HP 1053,Cornelius,NC,28031
427,"Good Hemp, Inc.",20311 Chartwell Center Drive Suite 1469,,HP 1044,Cornelius,NC,28031
428,Grabb Inc,97 Bailey Road,919-422-8330,HP 695,Coats,NC,27521
429,Grady Boys Farming,128 Jerusalem Church Rd.,252-569-1714,HP 101,Seven Springs,NC,28578
430,Grandson Morgan Jr Inc,"8640 University City Blvd, A-3 P190",704-806-1571,HP 1118,Charlotte,NC,28213
431,Granite Springs Farm,266 Granite Springs,919-280-9704,HP 533,Pittsboro,NC,27312
432,"Grano, Rachel and Holland, Sarina",58 Hiawassee Street,415-306-6751,HP 102,Murphy,NC,28906
433,"Grapevine Group, LLC",209 W Worthington Ave,,HP 1188,Charlotte,NC,28203
434,NA,Suite 207,336-817-1410,HP 442,Winston-Salem,NC,27101
435,Grateful Green Farms LLC,6710 Old Shallotte Rd,910-617-2352,HP 1167,Ocean Isle,NC,28469
436,Great Smokies Cannabis LLC,89 Reems Creek Rd,828-230-4469,HP 777,Weaverville,NC,28787
437,"Great Wagon Road Distilling Co.,LLC",227 Southside Dr.,469-879-2981,HP 103,Charlotte,NC,28217
438,Green Bear USA,5556 Murphy Rd.,919-986-7145,HP 616,Fayetteville,NC,28312
439,"Green Biological, LLC",423 Eugene Ct.,336-253-0071,HP 443,Greensboro,NC,27401
440,Green Buffalo Farm LLC,"111 Fletcher Commercial Dr, STE B",704-464-3600,HP 511,Fletcher,NC,28732
441,"Green Compass Farms, LLC",211 South Mills Street,910-234-1707,HP 395,Chadbourn,NC,28431
442,"Green Compass, Inc","5598 Marvin K Moss Ln, Lab 1013",704-215-1885,HP 1185,Wilmington,NC,28409
443,"Green Extraction Technologies, Inc",112 Commerce Street,828-384-4828,HP 576,Brevard,NC,28712
444,Green Family Farm INT LLC,7715 Gorman Drive,,HP 425,Brown Summit,NC,27214
445,Green Growth Inc.,2615 E Weaver Street,919-943-6286,HP 963,Durham,NC,27707
446,Green Heart Collective,409 Barnes Road,336-618-1074,HP 109,Winston Salem,NC,27107
447,"Green Heffa Farms, Inc",0 Hinshaw Shop Road,"919-454-7331,919-656-4967",HP 343,Liberty,NC,27298
448,Green Hemp,7400 Six Forks Rd Suite 3,984-232-8981,HP 1040,Raleigh,NC,27615
449,Green Honey Charmer,38 River Stone Trail,n/a,HP 94,Asheville,NC,28805
450,"Green Kind Farm, LLC",PO Box 806,904-874-5068,HP 276,Enka,NC,28728
451,"Green Knob Farms, LLC",4655 Grubbs Rd,336-399-3205,HP 1157,Walkertown,NC,27051
452,Green Leaf Wellness LLC,4006 Strendal Dr,910-973-4500,HP 1138,Cary,NC,27519
453,"Green Life Distribution, LLC",7221 A Market Street,910-431-6090,HP 598,Wilmington,NC,28411
454,"Green Light Farm, LLC",1900 South Main Street,828-421-2408,HP 111,Waynesville,NC,28786
455,Green Lights Farm,1900 South Main Street,828-421-2408,HP 95,Waynesville,NC,28786
456,Green Meadow Botanicals,338 S. Sharon Amity Rd STE 180,980-395-2254,HP 654,Charlotte,NC,28211
457,"Green Oil Company, LLC",3604 Southern Dr,919-957-1500,HP 741,Efland,NC,27243
458,Green Re-Leaf LLC,132 Main Street East,828-238-6305,HP 549,Valdese,NC,28690
459,Green River Botanicals,36 Kel Co Road,828-670-8330,HP 96,Candler,NC,28715
460,"Green River Botanicals, LLC",36 Kel Co. Road,828-670-8330,HP 112,Candler,NC,28715
461,"Green Root Extraction Services, LLC",147 Lam Plant Road,919-633-9555,HP 320,Windsor,NC,27983
462,"Green Sheep, LLC",1301 Granada Dr.,919-332-7876,HP 105,Raleigh,NC,
463,Green Velvet Grove LLC,3240 Mill Creek Road,347-907-2661,HP 1050,Efland,NC,27243
464,"Green Vibes, LLC",POB 358,919-491-3622,HP 106,Pittsboro,NC,27312
465,"Greene, Matthew D.",177 Windjammer Way,828-699-0488,HP 104,Hendersonville,NC,28792
466,Greenfield Agronomics,208 S. King St.,252-325-0125,HP 108,Windsor,NC,27983
467,GreenLife Family Farms,281 Odell School Rd,980-248-6789,HP 792,Concord,NC,28027
468,Greenwealth LLC(110),2863 Frog Level Road,252-493-6721,HP 110,Greenville,NC,27834
469,Greenwealth LLC(97),2863 Frog Level Road,252-493-6721,HP 97,Greenville,NC,
470,GreenWilde Homestead,362 Blowhole Road,828-318-7768,HP 1091,Marshall,NC,28753
471,Grey Fern Herbal,504 Deaverview Road,864-316-0022,HP 478,Asheville,NC,28806
472,Grey Lyn Farms,525 Speight Rd.,704-794-8465,HP 1021,West End,NC,27376
473,Griffin and Griffin Analytical Associat,222 Smith Street Suite G,803-415-9315,HP 987,Wingate,NC,28974
474,Griffin Family Farms,2263 Hwy 218 E,704-695-2700,HP 996,Polkton,NC,28135
475,"Griffon Ag, LLC",1694 Avenue Rd.,252-975-3552,HP 107,Washington,NC,27889
476,Grimm's Horticultural Solutions,106 Cheyenne Trail,910-523-4201,HP 774,Wilmington,NC,28409
477,Grove Appalachia,3747 Hendersonville Road,828-707-1850,HP 1072,Fletcher,NC,28732
478,Grown 2 Gold LLC. (Wilmington),201 North Front St. Suite 404,833-334-2010,HP 386,Wilmington,NC,28401
479,"Grown 2 Gold, LLC (Atkinson)",296 Shermans Corner,910-540-3903,HP 113,Atkinson,NC,28421
480,Grown Under the Sun,16 Westwood Drive Suite B,828-216-4000,HP 293,Asheville,NC,28806
481,Guerrilla Hemp,9407 Wade's Dead End Road,919-357-6892,HP 1066,Cedar Grove,NC,27231
482,Gworks (2),185.5 Montana Ave,828-989-9581,HP 747,Asheville,NC,28806
483,Gworks (3),9 Birch Place,828-989-9581,HP 748,Asheville,NC,28801
484,H & M Diversified Holding LLC,7201 US 301 North,301-495-1520,HP 636,Battleboro,NC,27809
485,H & M Industries LLC,7201 US 301,786-395-5941,HP 563,Battleboro,NC,27809
486,H and L Farms LLC,411 Highway 258,757-513-4218,HP 578,Como,NC,27818
487,H.O.T. Organics,105 Inisfree Place,919-358-8506,HP 1061,Morrisville,NC,27560
488,Habibi Hemp,124 SW Maynard Rd Ste A,980-313-0027,HP 1030,Cary,NC,27511
489,Hacienda Hemp Company LLC,7201 US 301,786-395-5941,HP 717,Battleboro,NC,27809
490,"Haddad, Jamal",17444 Great Smoky Mountain Expressway,828-263-6796,HP 489,Waynesville,NC,28786
491,Hadley Mill Farm,2342 Castle Rock Farm Rd,919-323-7641,HP 927,Pittsboro,NC,27312
492,Halliard Analytical LLC,200 Pembroke CT,919-410-9580,HP 582,Wendell,NC,27591
493,Hambert Hemp Company LLC,9435 Durango Drive,336-813-3836,HP 115,Kernersville,NC,27284
494,Happy  Acres Hemp LLC,7901 Allen Black Rd,704-545-5966,HP 939,Mint Hill,NC,28227
495,Happy Farms LLC,515 Pennigar Road,281-660-4947,HP 277,Monroe,NC,28110
496,Happy Healings Inc,2916 Creek Moss Avenue,561-703-2246,HP 1031,Wake Forest,NC,27587
497,Happy Hemp Company LLC,410 Crowder Rd,336-451-4349,HP 307,Madison,NC,27025
498,Happy Hill Hemp Farm,463 Leesville Rd,910-733-5978,HP 1226,Fairmont,NC,28340
499,Happy Mountain Foods,920 Blairhill Road,980-859-7880,HP 116,Charlotte,NC,28604
500,Harbinger Farm,516 Mr. Jefferson State Park Road Unit C,812-320-2647,HP 117,West Jefferson,NC,28694
501,"Haroldson, Mark",3132 Kitty Hawk Rd,910-512-0658,HP 118,Wilmington,NC,28405
502,Harris Farms & Investors LLC,317 Dennis Harris Road,252-537-2765,HP 954,Macon,NC,27551
503,Harrison Tulloss II,7704 Harps Mill Rd,919-279-2080,HP 639,Raleigh,NC,27615
504,Harvest Moon Botanical Services LLC,853 Merrimon Ave,828-772-4899,HP 733,Asheville,NC,28804
505,Harvested Dreams LLC,3 Lakewood Dr,828-553-8925,HP 1259,Hendersonville,NC,28792
506,Headwater Farms,106 Hickory Hill Ln,828-545-9174,HP 680,Fletcher,NC,28732
507,"Healing Hemp Farm, LLC",7074 Muddy Creek Road,336-963-4850,HP 339,Archdale,NC,27263
508,Healing Springs Farmacy,1300 Ashe St.,,HP 879,Greensboro,NC,27406
509,Health Market,135 Parkway Office Court Ste 105,813-447-9973,HP 120,Cary,NC,27518
510,"Healthy Harvesting, LLC",3937 Chimney Rock Rd,877-419-9990,HP 807,Hendersonville,NC,28792
511,"Healthy Journey Dispensary, LLC",3525 Long Run Dr.,336-253-2545,HP 265,Greensboro,NC,27405
512,Heeks Farm LLC,3900 Hall Rd,919-627-2946,HP 278,Mangum,NC,27572
513,"Helbert, Megan",7 Lynwood Circle,828-450-8645,HP 474,Asheville,NC,28806
514,Hemp 4 Victory,146 Weaverville Rd,828-484-9870,HP 393,Asheville,NC,28804
515,"Hemp Black, Inc",7109 Cessna Drive,336-279-7800,HP 1178,Greensboro,NC,27401
516,Hemp Broker LLC,2318 Big Brush Creek Road,"717-623-3088,410-207-7023",HP 731,Green Mountain,NC,28740
517,Hemp Generation,200 Prima Dr.,336-708-9074,HP 123,Greensboro,NC,27455
518,Hemp Happy Farms,27 Cedar Point Way,828-513-1155,HP 124,Horse Shoe,NC,28742
519,"Hemp Healer Dispensary, LLC",460 Knollwood St.,336-448-5375,HP 564,Winston-Salem,NC,27103
520,Hemp Healing Extractions,395 West Hill St,919-922-6239,HP 1242,Goldsboro,NC,27534
521,Hemp Health,1617 Owen Drive,910-670-1494,HP 821,Fayetteville,NC,28304
522,Hemp Highway Health & Wellness,1147 N Bragg Blvd,910-436-2227,HP 892,Spring Lake,NC,28390
523,Hemp Hints,355 Aycock St,"980-622-0140,270-577-5739",HP 760,Concord,NC,28025
524,Hemp Hop LLC,2505 Derita Ave #26543,833-487-4367,HP 125,Charlotte,NC,28269
525,Hemp Leaf LLC,104  Lynn Drive,857-258-4983,HP 899,Carrboro,NC,27510
526,Hemp Magik,507 Elk Park Drive #507,828-774-9317,HP 126,Asheville,NC,28804
527,Hemp Oasis LLC,214 W Front Street,336-491-9006,HP 962,Burlington,NC,27215
528,Hemp Process Solutions,1078 Nikanor Rd,850-346-7346,HP 754,West Jefferson,NC,28694
529,Hemp Roots Tea L.L.C,91 Holbrook Rd,812-212-3468,HP 749,Candler,NC,28715
530,"Hemp Solutions, LLC",314 Burnt Pine Court,919-609-9606,HP 371,Apex,NC,27502
531,Hemp Star Farms & Farmacy LLC,750 Race Track Rd,919-921-1857,HP 980,La Grange,NC,28551
532,Hemp4Health.US LLC,209 North wood Dr.,336-909-2432,HP 398,Mount Airy,NC,27030
533,Hempax LLC,222 Industrial Blvd,516-641-0704,HP 981,Whiteville,NC,28472
534,"HempCan Labs, LLC",2481 Reliance Ave,919-387-0090,HP 121,Apex,NC,27539
535,"Hempco Holdings, LLC",106 Broad St.,919-208-5296,HP 357,Oxford,NC,27565
536,Hemp'd In,1903 N Harrison Ave #200,319-231-6683,HP 799,Cary,NC,27513
537,HempGenics LLC,5022 Emberly Dr,336-541-8212,HP 819,McLeansville,NC,27301
538,HEMPIRE,4218 Dock View Rd,910-747-2701,HP 1145,Fayetteville,NC,28306
539,Hempire Innovations LLC,981 Hodges Gap Rd,910-409-5624,HP 1203,Boone,NC,28607
540,"Hempleton Investment Group, INC",8528 Market Street,"910-409-4557,828-406-3643",HP 128,Wilmington,NC,28411
541,Hempnotic,3621 Daisyfield Dr,980-236-7092,HP 262,Charlotte,NC,28269
542,Hempnotic Hempire,"2411 Walters St, Suite A",336-327-2472,HP 1214,Greensboro,NC,27408
543,HEMPNOTIQ RX,4650 US Hwy 29 North,336-266-8356,HP 638,Greensboro,NC,27405
544,HemPomatics,4451 Vilana Ridge,470-257-9184,HP 1168,Raleigh,NC,27612
545,"Hempress Farms, LLC",707 N. Main Street,336-775-7663,HP 1093,Winston Salem,NC,27101
546,"Hempstead Botanicals, LLC",950 Saldeer Summit Road,828-215-5170,HP 302,Franklin,NC,28734
547,Hemptive,12600 Waterman Drive,440-263-4714,HP 499,Raleigh,NC,27614
548,Hemptron LLC,8 Waverly Rd,828-808-2464,HP 828,Asheville,NC,28803
549,Hendley's Farm,1476 Roby Conley Road,828-460-0292,HP 964,Marion,NC,28752
550,Herbal Innovations LLC,151 Herbal Ingenuity Way,336-818-2332,HP 896,Wilkesboro,NC,28697
551,Herbal Outcomes LLC,333 Dogwood Rd,"828-713-8075,828-507-8671",HP 941,Candler,NC,28715
552,NA,Ste. 204 #75471,1-855-437-2253,HP 419,Raleigh,NC,27606
553,"Heritage Farms, LLC",2044 Ashe Ave,910-263-0746,HP 130,Dunn,NC,28334
554,"Hexagon Hemp, Inc.",306 Lake Royale,404-434-6089,HP 745,Louisburg,NC,27549
555,High Cotton Hemp,1366 Bell Town Rd,252-809-2787,HP 1032,Williamston,NC,27892
556,"High Country Herbs, LLC",7410 Hwy 90,252-529-0517,HP 131,Collettsville,NC,28611
557,High Country Vapor Inc,705 Carl Eller Rd Suite A,828-680-1220,HP 835,Mars Hill,NC,28754
558,High Grade CBD,204 West 1st Street,252-916-6223,HP 826,Oak City,NC,27857
559,"High Ground Farmacy, LLC",2359 Mountain View Road,585-509-7900,HP 1192,Glade Valley,NC,28627
560,High Rock Hemp Works,3114 Old NC HWY 109,"336-859-5622,336-250-3391",HP 385,Lexington,NC,27292
561,High-end Hemp,108 Hudson St,828-385-5895,HP 1202,Morganton,NC,28655
562,Hill Herbal Hemp,801 Gold Street PO Box 2212,919-437-6344,HP 911,Rocky Mount,NC,27802
563,"Hines, Keith",1841 Bailey Rd,336-953-2766,HP 573,Asheboro,NC,27205
564,Hobgood Hemp LLC,106 N Pine Street,252-260-2105,HP 1239,Hobgood,NC,27843
565,"Hoffman, Leslie",54 Greenridge Rd,,HP 279,Weaverville,NC,28787
566,Holistic Magnified,404 Hamilton Street,919-744-0132,HP 501,Henderson,NC,27536
567,"Holliday, Dianne",165 Earnest Lane,,HP 534,Linden,NC,28356
568,Holmes Brothers Farm,640 Burnett Reeves Rd,828-450-9194,HP 411,Leicester,NC,28748
569,"Holy Jute, LLC",910 Cameron Village Drive #107,704-965-9156,HP 249,Matthews,NC,28105
570,"Home Grown Hemp, LLC",6254 Blue Bonnet Lane,336-918-0122,HP 132,Winston Salem,NC,27103
571,"Honeybee Bliss, LLC",650 Blythe Stepp Road,828-337-8801,HP 133,Hendersonville,NC,28792
572,Horner International Company,3427 Industrial Drive,919-787-3112,HP 878,Durham,NC,27704
573,Hughes Road Tree Farm,4716 South 19E,252-473-7327,HP 410,Plumtree,NC,28657
574,"Humble Origins, LLC",2112 Lawrence Drive,919-749-8475,HP 259,Raleigh,NC,27603-2623
575,"Hunting Creek Farms, LLC",182 Dare Rd,704-363-5889,HP 662,Hamptonville,NC,27020
576,Huntsboro Hemp Co. LLC,123 Williamsboro Street,919-691-0409,HP 904,Oxford,NC,27565
577,"Hurley, Matthew Thomas",215 Johnston Blvd,828-708-3500,HP 585,Asheville,NC,28806
578,Hutch Mountain Farms,75 Garland Rd,828-450-6954,HP 437,Fletcher,NC,28732
579,"Hyman, James Adam",655 Britt Farm Road,252-567-9131,HP 426,Tarboro,NC,27886-8418
580,"Hynes, Michael",200 Schaff Ln,252-725-0587,HP 135,Gloucester,NC,28528
581,"I Cut Grass, LLC",3585 Ashemont Rd,910-269-7229,HP 136,Raeford,NC,28396
582,I Really Mean It LLC,2201 South Wilmington St,919-601-2867,HP 831,Raleigh,NC,27610
583,IHHP,739 Dickson Road,704-836-6543,HP 468,Riegelwood,NC,28456
584,IJS Farm Inc,16 B Montview Drive,828-230-4193,HP 1255,Asheville,NC,28801
585,Imagine This! Creative Concepts,PO Box 281,704-456-9340,HP 287,Harrisburg,NC,28075
586,In Bloom Naturals,285 Bride Lane,336-816-5768,HP 380,Advance,NC,27006
587,INCEPTUM ENTERPRISES LLC,485 Jupiter Rd,862-236-0258,HP 1267,Weaverville,NC,28787
588,"Industrial Hemp Manufacturing, LLC",1436 Highway 581 North,252-478-3646,HP 137,Spring Hope,NC,27882
589,"Industrial Hemp Products USA, Inc.",24503 US Highway 264 E.,252-562-0430,HP 612,Pantego,NC,27860-9577
590,"Industry of Green, LLC",325 Park Ave.,843-260-2140,HP 138,Florance,SC,29501
591,"Ingram, Randy",1868 Horney Road,828-387-6679,HP 139,Nowland,NC,28657
592,"Innovative AgriProducts, LLC",1157 S. Cox Street,888-334-4367,HP 140,Asheboro,NC,27203
593,Inspec,250 Palmer Pond Rd,919-623-6335,HP 1154,Clyde,NC,28721
594,Instant Karma,725 Haywood Rd,828-285-8999,HP 535,Asheville,NC,28806
595,Integrated Laboratory Solutions,695 S. Bennett St.,910-687-4529,HP 141,Southern Pines,NC,28387
596,"Integrity Health Options, PA",1322 W. Main St.,828-289-6158,HP 626,Forest City,NC,28043
597,Intelligent Plants Apothecary LLC,5873 Jenkins Rd Lot 7,216-533-2136,HP 375,Morganton,NC,28655
598,Intelligent Plants Appothecary LLC (C,105 1st Street NE,216-533-2136,HP 376,Catawba,NC,28609
599,International Flowering Blessings,948 Rosman Hwy,828-553-9677,HP 857,Brevard,NC,28712
600,IOSITY Labs LLC,555 Fayetteville St #201,336-355-3777,HP 690,Raleigh,NC,27601
601,"Ioto USA, LLC",1997 North Greene St,252-413-7343,HP 142,Greenville,NC,27834
602,Ish's Place Inc,222 Bayleigh Ct,919-394-7913,HP 1194,Garner,NC,27529
603,"Island Girl Hemp, CO",1505 Bearhollow Rd,336-456-3469,HP 143,Greensboro,NC,27410
604,"Isley, Darrell",1797 Iron Works Road,,HP 144,Reidsville,NC,27320
605,Isolera Extracts,325 Lewis Street,404-600-7000,HP 390,Oxford,NC,27565
606,"It's All About Oils, LLC",101 Farmington Drive,919-538-8083,HP 679,Clayton,NC,27520
607,J Squared Extractions LLC,203 North Caldwell Street,828-424-5096,HP 145,Brevard,NC,28712
608,Jackson's Gem's,191 Duchess Ct.,828-829-2220,HP 614,Rutherfordton,NC,28139
609,James Adam McCorquodale,1427A Boulder Court,336-404-6464,HP 673,Greensboro,NC,27409
610,James Francis Plott,3923 Rhodes Ave,704-975-9397,HP 985,Charlotte,NC,28210
611,"James, Pashondra",15 Strawberry Hill,,HP 280,Fuquay Varina,NC,27526
612,Jason Smith,540 Community Road,336-671-2066,HP 949,Lexington,NC,27295
613,Javon Rembert,5907 Brightstar Valley Road,704-648-9792,HP 1002,Mint Hill,NC,28227
614,Jennifer Thompson,4403 Pine Swamp Rd,704-619-0731,HP 991,Fleetwood,NC,28626
615,Jessup Processing,684 Maple Street,276-692-7179,HP 834,Mt. Airy,NC,27030
616,"JKOBL, LLC",116 E. Franklin St,980-210-3527,HP 931,Monroe,NC,28112
617,"Joco Hemp, CO",980 Allen Rd,919-333-3175,HP 146,Clayton,NC,27520
618,John Craig Artley,185 Orchard Cove Rd,828-506-8647,HP 1249,Waynesville,NC,28785
619,John Zimmerman,107 Old Jamestown Rd,828-448-4068,HP 1280,Morganton,NC,28655
620,Johnson Medicinal Hemp Farms,4005 Daytona Road,910-709-9433,HP 148,Fayetteville,NC,28311
621,"Johnson, Derrick M.",8707 Buckhorn St.,704-777-5061,HP 147,Charlotte,NC,28216
622,"Johnson, Tonette Sheree",107 Ben Court,646-240-6758,HP 487,Bunnlevel,NC,28323
623,Jonathan Ray Whitley,6305 Hwy 222 E,252-315-6720,HP 977,Statonsburg,NC,27883
624,"Jordan, Wilton",3225 Asheville Hwy,864-504-7314,HP 555,Canton,NC,28716
625,JTS  Concentrates,7225 Firelane Rd Apt C34,803-237-4996,HP 778,Polkton,NC,28135
626,JTS Group Inc.,284 Smith Mill Road,910-734-1829,HP 1065,Lumberton,NC,28358
627,"Judge, Pernell",5024 Somerset Ln.,,HP 427,Raleigh,NC,27616
628,Juice Box NoDA,3100 N. Davidson St Ste 101,312-446-8936,HP 780,Charlotte,NC,28205
629,Just Cactus,PO Box 1087,910-728-8841,HP 389,Spring Lake,NC,28390
630,Kairos Botanical Extracts,3607 Hodges Chapel Road,919-525-8566,HP 1084,Dunn,NC,28334
631,Kanna.Bus Hemp Company,415 E. 10th Street,804-237-2267,HP 718,Washington,NC,27889
632,KannMed Farms,102 Heathwick Drive,"910-364-7122,919-889-3702",HP 1125,Knightdale,NC,27545
